day,predicted_close,ticker
1,303.4813,AAPL
2,305.86774,AAPL
3,308.24985,AAPL
4,310.65265,AAPL
5,313.09167,AAPL
6,315.5767,AAPL
7,318.11432,AAPL
8,320.70917,AAPL
9,323.36517,AAPL
10,326.0855,AAPL
11,328.87305,AAPL
12,331.73056,AAPL
13,334.6608,AAPL
14,337.66635,AAPL
15,340.7497,AAPL
16,343.91336,AAPL
17,347.1598,AAPL
18,350.49142,AAPL
19,353.91064,AAPL
20,357.41992,AAPL
21,361.0214,AAPL
22,364.71738,AAPL
23,368.51028,AAPL
24,372.40216,AAPL
25,376.39517,AAPL
26,380.49136,AAPL
27,384.69284,AAPL
28,389.00113,AAPL
29,393.4182,AAPL
30,397.9455,AAPL
31,402.5843,AAPL
32,407.33582,AAPL
33,412.2009,AAPL
34,417.1802,AAPL
35,422.2739,AAPL
36,427.48212,AAPL
37,432.8042,AAPL
38,438.2393,AAPL
39,443.78607,AAPL
40,449.44275,AAPL
41,455.207,AAPL
42,461.07565,AAPL
43,467.04532,AAPL
44,473.1118,AAPL
45,479.27017,AAPL
46,485.5149,AAPL
47,491.84,AAPL
48,498.23846,AAPL
49,504.7027,AAPL
50,511.22458,AAPL
51,517.79517,AAPL
52,524.40497,AAPL
53,531.04407,AAPL
54,537.7021,AAPL
55,544.368,AAPL
56,551.0305,AAPL
57,557.67816,AAPL
58,564.29944,AAPL
59,570.88226,AAPL
60,577.4153,AAPL
61,583.8868,AAPL
62,590.28564,AAPL
63,596.6009,AAPL
64,602.822,AAPL
65,608.9392,AAPL
66,614.9429,AAPL
67,620.82495,AAPL
68,626.5773,AAPL
69,632.19293,AAPL
70,637.66534,AAPL
71,642.98956,AAPL
72,648.16113,AAPL
73,653.1761,AAPL
74,658.0318,AAPL
75,662.7265,AAPL
76,667.25867,AAPL
77,671.6278,AAPL
78,675.83453,AAPL
79,679.87915,AAPL
80,683.7638,AAPL
81,687.49005,AAPL
82,691.06036,AAPL
83,694.4777,AAPL
84,697.74554,AAPL
85,700.8672,AAPL
86,703.84656,AAPL
87,706.6878,AAPL
88,709.39484,AAPL
89,711.9725,AAPL
90,714.4251,AAPL
91,716.7566,AAPL
92,718.9722,AAPL
93,721.0762,AAPL
94,723.07294,AAPL
95,724.96704,AAPL
96,726.7628,AAPL
97,728.4648,AAPL
98,730.0768,AAPL
99,731.603,AAPL
100,733.0477,AAPL
101,734.41473,AAPL
102,735.7075,AAPL
103,736.93,AAPL
104,738.0855,AAPL
105,739.1775,AAPL
106,740.2092,AAPL
107,741.1834,AAPL
108,742.1034,AAPL
109,742.9721,AAPL
110,743.7921,AAPL
111,744.5658,AAPL
112,745.29596,AAPL
113,745.98456,AAPL
114,746.63446,AAPL
115,747.24713,AAPL
116,747.8251,AAPL
117,748.3698,AAPL
118,748.8835,AAPL
119,749.36786,AAPL
120,749.82416,AAPL
121,750.25433,AAPL
122,750.6598,AAPL
123,751.0418,AAPL
124,751.40173,AAPL
125,751.7408,AAPL
126,752.0604,AAPL
127,752.36145,AAPL
128,752.6449,AAPL
129,752.91205,AAPL
130,753.1635,AAPL
131,753.40045,AAPL
132,753.6237,AAPL
133,753.83386,AAPL
134,754.0317,AAPL
135,754.21814,AAPL
136,754.3935,AAPL
137,754.5587,AAPL
138,754.71423,AAPL
139,754.8608,AAPL
140,754.9988,AAPL
141,755.1286,AAPL
142,755.2508,AAPL
143,755.3659,AAPL
144,755.47437,AAPL
145,755.5764,AAPL
146,755.67236,AAPL
147,755.7628,AAPL
148,755.84796,AAPL
149,755.92804,AAPL
150,756.0034,AAPL
151,756.07446,AAPL
152,756.14136,AAPL
153,756.2041,AAPL
154,756.2634,AAPL
155,756.3192,AAPL
156,756.37164,AAPL
157,756.42096,AAPL
158,756.4676,AAPL
159,756.51135,AAPL
160,756.5524,AAPL
161,756.59143,AAPL
162,756.6277,AAPL
163,756.66205,AAPL
164,756.69446,AAPL
165,756.7248,AAPL
166,756.75354,AAPL
167,756.7804,AAPL
168,756.8058,AAPL
169,756.8296,AAPL
170,756.85205,AAPL
171,756.87335,AAPL
172,756.8933,AAPL
173,756.912,AAPL
174,756.92957,AAPL
175,756.9462,AAPL
176,756.96173,AAPL
177,756.9764,AAPL
178,756.9903,AAPL
179,757.0034,AAPL
180,757.01556,AAPL
181,757.02704,AAPL
182,757.03784,AAPL
183,757.04816,AAPL
184,757.05774,AAPL
185,757.06683,AAPL
186,757.07513,AAPL
187,757.0832,AAPL
188,757.09094,AAPL
189,757.09796,AAPL
190,757.1047,AAPL
191,757.111,AAPL
192,757.117,AAPL
193,757.1223,AAPL
194,757.1276,AAPL
195,757.1327,AAPL
196,757.1372,AAPL
197,757.14166,AAPL
198,757.1456,AAPL
199,757.14966,AAPL
200,757.1532,AAPL
201,757.1567,AAPL
202,757.15985,AAPL
203,757.16296,AAPL
204,757.1658,AAPL
205,757.16846,AAPL
206,757.1711,AAPL
207,757.17334,AAPL
208,757.1755,AAPL
209,757.1778,AAPL
210,757.1797,AAPL
211,757.18146,AAPL
212,757.18335,AAPL
213,757.18506,AAPL
214,757.1865,AAPL
215,757.18805,AAPL
216,757.18945,AAPL
217,757.19073,AAPL
218,757.192,AAPL
219,757.19305,AAPL
220,757.1943,AAPL
221,757.195,AAPL
222,757.1962,AAPL
223,757.19714,AAPL
224,757.19794,AAPL
225,757.19855,AAPL
226,757.1994,AAPL
227,757.20026,AAPL
228,757.20105,AAPL
229,757.20154,AAPL
230,757.202,AAPL
231,757.2026,AAPL
232,757.20306,AAPL
233,757.2037,AAPL
234,757.2041,AAPL
235,757.20465,AAPL
236,757.20496,AAPL
237,757.2054,AAPL
238,757.2056,AAPL
239,757.20605,AAPL
240,757.20624,AAPL
241,757.2066,AAPL
242,757.2069,AAPL
243,757.2073,AAPL
244,757.2075,AAPL
245,757.2077,AAPL
246,757.20795,AAPL
247,757.20825,AAPL
248,757.2084,AAPL
249,757.20856,AAPL
250,757.2087,AAPL
251,757.2089,AAPL
252,757.209,AAPL
253,757.2091,AAPL
254,757.20917,AAPL
255,757.2092,AAPL
256,757.20935,AAPL
257,757.20953,AAPL
258,757.20966,AAPL
259,757.2098,AAPL
260,757.20984,AAPL
261,757.21,AAPL
262,757.2101,AAPL
263,757.2101,AAPL
264,757.2102,AAPL
265,757.21027,AAPL
266,757.2104,AAPL
267,757.21045,AAPL
268,757.2105,AAPL
269,757.21063,AAPL
270,757.21063,AAPL
271,757.2108,AAPL
272,757.2108,AAPL
273,757.2109,AAPL
274,757.21094,AAPL
275,757.21094,AAPL
276,757.21094,AAPL
277,757.21094,AAPL
278,757.21106,AAPL
279,757.2111,AAPL
280,757.2111,AAPL
281,757.2111,AAPL
282,757.2111,AAPL
283,757.21124,AAPL
284,757.2111,AAPL
285,757.21124,AAPL
286,757.21124,AAPL
287,757.2113,AAPL
288,757.2113,AAPL
289,757.21136,AAPL
290,757.2113,AAPL
291,757.2115,AAPL
292,757.21136,AAPL
293,757.2115,AAPL
294,757.21136,AAPL
295,757.2115,AAPL
296,757.21155,AAPL
297,757.21155,AAPL
298,757.21155,AAPL
299,757.21155,AAPL
300,757.21155,AAPL
301,757.2117,AAPL
302,757.21155,AAPL
303,757.21155,AAPL
304,757.2117,AAPL
305,757.2117,AAPL
306,757.2117,AAPL
307,757.2117,AAPL
308,757.2117,AAPL
309,757.2117,AAPL
310,757.2117,AAPL
311,757.2117,AAPL
312,757.2117,AAPL
313,757.2117,AAPL
314,757.2117,AAPL
315,757.2117,AAPL
316,757.2117,AAPL
317,757.2117,AAPL
318,757.21173,AAPL
319,757.2117,AAPL
320,757.2117,AAPL
321,757.2117,AAPL
322,757.2117,AAPL
323,757.2117,AAPL
324,757.2117,AAPL
325,757.2117,AAPL
326,757.2117,AAPL
327,757.2117,AAPL
328,757.2117,AAPL
329,757.2117,AAPL
330,757.2117,AAPL
331,757.2117,AAPL
332,757.2117,AAPL
333,757.2117,AAPL
334,757.2117,AAPL
335,757.2117,AAPL
336,757.2117,AAPL
337,757.2117,AAPL
338,757.2117,AAPL
339,757.2117,AAPL
340,757.2117,AAPL
341,757.2117,AAPL
342,757.2117,AAPL
343,757.2117,AAPL
344,757.2117,AAPL
345,757.2117,AAPL
346,757.2117,AAPL
347,757.2117,AAPL
348,757.2117,AAPL
349,757.2117,AAPL
350,757.2117,AAPL
351,757.2117,AAPL
352,757.2117,AAPL
353,757.21155,AAPL
354,757.2117,AAPL
355,757.2117,AAPL
356,757.2117,AAPL
357,757.2117,AAPL
358,757.2117,AAPL
359,757.2117,AAPL
360,757.2117,AAPL
361,757.2117,AAPL
362,757.2117,AAPL
363,757.2117,AAPL
364,757.2117,AAPL
365,757.2117,AAPL
366,757.2117,AAPL
367,757.2117,AAPL
368,757.2117,AAPL
369,757.2117,AAPL
370,757.2117,AAPL
371,757.2117,AAPL
372,757.2117,AAPL
373,757.2117,AAPL
374,757.2117,AAPL
375,757.2117,AAPL
376,757.2117,AAPL
377,757.2117,AAPL
378,757.2117,AAPL
379,757.2117,AAPL
380,757.2117,AAPL
381,757.2117,AAPL
382,757.2117,AAPL
383,757.2117,AAPL
384,757.2117,AAPL
385,757.2117,AAPL
386,757.2117,AAPL
387,757.2117,AAPL
388,757.2117,AAPL
389,757.2117,AAPL
390,757.2117,AAPL
391,757.2117,AAPL
392,757.2117,AAPL
393,757.2117,AAPL
394,757.2117,AAPL
395,757.2117,AAPL
396,757.2117,AAPL
397,757.2117,AAPL
398,757.2117,AAPL
399,757.2117,AAPL
400,757.2117,AAPL
401,757.2117,AAPL
402,757.2117,AAPL
403,757.2117,AAPL
404,757.21155,AAPL
405,757.2117,AAPL
406,757.2117,AAPL
407,757.2117,AAPL
408,757.2117,AAPL
409,757.2117,AAPL
410,757.2117,AAPL
411,757.2117,AAPL
412,757.2117,AAPL
413,757.2117,AAPL
414,757.21173,AAPL
415,757.2117,AAPL
416,757.2117,AAPL
417,757.2117,AAPL
418,757.2117,AAPL
419,757.2117,AAPL
420,757.2117,AAPL
421,757.2117,AAPL
422,757.2117,AAPL
423,757.2117,AAPL
424,757.2117,AAPL
425,757.2117,AAPL
426,757.2117,AAPL
427,757.2117,AAPL
428,757.2117,AAPL
429,757.2117,AAPL
430,757.2117,AAPL
431,757.2117,AAPL
432,757.2117,AAPL
433,757.2117,AAPL
434,757.2117,AAPL
435,757.2117,AAPL
436,757.2117,AAPL
437,757.2117,AAPL
438,757.2117,AAPL
439,757.2117,AAPL
440,757.2117,AAPL
441,757.2117,AAPL
442,757.2117,AAPL
443,757.2117,AAPL
444,757.2117,AAPL
445,757.2117,AAPL
446,757.2117,AAPL
447,757.2117,AAPL
448,757.2117,AAPL
449,757.2117,AAPL
450,757.2117,AAPL
451,757.2117,AAPL
452,757.2117,AAPL
453,757.2117,AAPL
454,757.2117,AAPL
455,757.2117,AAPL
456,757.2117,AAPL
457,757.2117,AAPL
458,757.2117,AAPL
459,757.2117,AAPL
460,757.2117,AAPL
461,757.2117,AAPL
462,757.2117,AAPL
463,757.2117,AAPL
464,757.2117,AAPL
465,757.2117,AAPL
466,757.2117,AAPL
467,757.2117,AAPL
468,757.2117,AAPL
469,757.2117,AAPL
470,757.2117,AAPL
471,757.2117,AAPL
472,757.2117,AAPL
473,757.2117,AAPL
474,757.2117,AAPL
475,757.2117,AAPL
476,757.2117,AAPL
477,757.2117,AAPL
478,757.2117,AAPL
479,757.2117,AAPL
480,757.2117,AAPL
481,757.2117,AAPL
482,757.2117,AAPL
483,757.2117,AAPL
484,757.2117,AAPL
485,757.2117,AAPL
486,757.2117,AAPL
487,757.2117,AAPL
488,757.2117,AAPL
489,757.2117,AAPL
490,757.2117,AAPL
491,757.2117,AAPL
492,757.2117,AAPL
493,757.2117,AAPL
494,757.2117,AAPL
495,757.2117,AAPL
496,757.2117,AAPL
497,757.2117,AAPL
498,757.2117,AAPL
499,757.2117,AAPL
500,757.2117,AAPL
501,757.2117,AAPL
502,757.2117,AAPL
503,757.2117,AAPL
504,757.2117,AAPL
505,757.2117,AAPL
506,757.2117,AAPL
507,757.2117,AAPL
508,757.2117,AAPL
509,757.2117,AAPL
510,757.2117,AAPL
511,757.2117,AAPL
512,757.2117,AAPL
513,757.2117,AAPL
514,757.2117,AAPL
515,757.2117,AAPL
516,757.2117,AAPL
517,757.2117,AAPL
518,757.2117,AAPL
519,757.2117,AAPL
520,757.2117,AAPL
521,757.2117,AAPL
522,757.2117,AAPL
523,757.2117,AAPL
524,757.2117,AAPL
525,757.2117,AAPL
526,757.2117,AAPL
527,757.2117,AAPL
528,757.2117,AAPL
529,757.2117,AAPL
530,757.2117,AAPL
531,757.2117,AAPL
532,757.2117,AAPL
533,757.2117,AAPL
534,757.2117,AAPL
535,757.2117,AAPL
536,757.2117,AAPL
537,757.2117,AAPL
538,757.2117,AAPL
539,757.2117,AAPL
540,757.2117,AAPL
541,757.2117,AAPL
542,757.2117,AAPL
543,757.2117,AAPL
544,757.2117,AAPL
545,757.2117,AAPL
546,757.2117,AAPL
547,757.2117,AAPL
1,270.1258,AMZN
2,269.7203,AMZN
3,269.59445,AMZN
4,269.6288,AMZN
5,269.75446,AMZN
6,269.93326,AMZN
7,270.14398,AMZN
8,270.3748,AMZN
9,270.6188,AMZN
10,270.87225,AMZN
11,271.1327,AMZN
12,271.3984,AMZN
13,271.66846,AMZN
14,271.94205,AMZN
15,272.21863,AMZN
16,272.4977,AMZN
17,272.779,AMZN
18,273.06213,AMZN
19,273.3469,AMZN
20,273.63324,AMZN
21,273.9209,AMZN
22,274.20978,AMZN
23,274.49988,AMZN
24,274.79108,AMZN
25,275.0834,AMZN
26,275.37677,AMZN
27,275.6712,AMZN
28,275.9667,AMZN
29,276.26315,AMZN
30,276.56073,AMZN
31,276.85928,AMZN
32,277.15894,AMZN
33,277.45966,AMZN
34,277.7614,AMZN
35,278.0642,AMZN
36,278.3681,AMZN
37,278.6731,AMZN
38,278.97913,AMZN
39,279.2863,AMZN
40,279.59448,AMZN
41,279.9038,AMZN
42,280.21423,AMZN
43,280.5258,AMZN
44,280.8384,AMZN
45,281.15213,AMZN
46,281.46695,AMZN
47,281.7829,AMZN
48,282.1,AMZN
49,282.41815,AMZN
50,282.73743,AMZN
51,283.05786,AMZN
52,283.37933,AMZN
53,283.7019,AMZN
54,284.02563,AMZN
55,284.3505,AMZN
56,284.67636,AMZN
57,285.00345,AMZN
58,285.3316,AMZN
59,285.66083,AMZN
60,285.99118,AMZN
61,286.32263,AMZN
62,286.6552,AMZN
63,286.9889,AMZN
64,287.32367,AMZN
65,287.65955,AMZN
66,287.9965,AMZN
67,288.33453,AMZN
68,288.67374,AMZN
69,289.01395,AMZN
70,289.35532,AMZN
71,289.69775,AMZN
72,290.0412,AMZN
73,290.38586,AMZN
74,290.7315,AMZN
75,291.07825,AMZN
76,291.42612,AMZN
77,291.77502,AMZN
78,292.125,AMZN
79,292.47598,AMZN
80,292.82806,AMZN
81,293.1812,AMZN
82,293.53546,AMZN
83,293.89072,AMZN
84,294.24707,AMZN
85,294.60446,AMZN
86,294.96286,AMZN
87,295.32227,AMZN
88,295.6828,AMZN
89,296.04422,AMZN
90,296.4068,AMZN
91,296.7704,AMZN
92,297.1349,AMZN
93,297.50043,AMZN
94,297.86707,AMZN
95,298.23462,AMZN
96,298.6032,AMZN
97,298.97275,AMZN
98,299.34332,AMZN
99,299.71487,AMZN
100,300.08734,AMZN
101,300.4608,AMZN
102,300.8352,AMZN
103,301.21057,AMZN
104,301.5869,AMZN
105,301.96417,AMZN
106,302.34238,AMZN
107,302.7215,AMZN
108,303.1015,AMZN
109,303.48248,AMZN
110,303.86432,AMZN
111,304.2471,AMZN
112,304.63074,AMZN
113,305.01526,AMZN
114,305.40067,AMZN
115,305.7869,AMZN
116,306.17398,AMZN
117,306.562,AMZN
118,306.95078,AMZN
119,307.34042,AMZN
120,307.7309,AMZN
121,308.12213,AMZN
122,308.51413,AMZN
123,308.90707,AMZN
124,309.30072,AMZN
125,309.69513,AMZN
126,310.09036,AMZN
127,310.48627,AMZN
128,310.88297,AMZN
129,311.28043,AMZN
130,311.67856,AMZN
131,312.07736,AMZN
132,312.47693,AMZN
133,312.8772,AMZN
134,313.27814,AMZN
135,313.67972,AMZN
136,314.08197,AMZN
137,314.48486,AMZN
138,314.8884,AMZN
139,315.29257,AMZN
140,315.69727,AMZN
141,316.10263,AMZN
142,316.50858,AMZN
143,316.91507,AMZN
144,317.32217,AMZN
145,317.72977,AMZN
146,318.13785,AMZN
147,318.5465,AMZN
148,318.95566,AMZN
149,319.3653,AMZN
150,319.77545,AMZN
151,320.18607,AMZN
152,320.5971,AMZN
153,321.00858,AMZN
154,321.4204,AMZN
155,321.83273,AMZN
156,322.24548,AMZN
157,322.65848,AMZN
158,323.07193,AMZN
159,323.4857,AMZN
160,323.89978,AMZN
161,324.31424,AMZN
162,324.72894,AMZN
163,325.14392,AMZN
164,325.5592,AMZN
165,325.97467,AMZN
166,326.39047,AMZN
167,326.80643,AMZN
168,327.22256,AMZN
169,327.63895,AMZN
170,328.05554,AMZN
171,328.47223,AMZN
172,328.8891,AMZN
173,329.30603,AMZN
174,329.7231,AMZN
175,330.1402,AMZN
176,330.55746,AMZN
177,330.97473,AMZN
178,331.39206,AMZN
179,331.8094,AMZN
180,332.22668,AMZN
181,332.64398,AMZN
182,333.06125,AMZN
183,333.47852,AMZN
184,333.89563,AMZN
185,334.31268,AMZN
186,334.72964,AMZN
187,335.1465,AMZN
188,335.5631,AMZN
189,335.97974,AMZN
190,336.39603,AMZN
191,336.81216,AMZN
192,337.22815,AMZN
193,337.64383,AMZN
194,338.0593,AMZN
195,338.47446,AMZN
196,338.88937,AMZN
197,339.3039,AMZN
198,339.7182,AMZN
199,340.13214,AMZN
200,340.54565,AMZN
201,340.95877,AMZN
202,341.37155,AMZN
203,341.78397,AMZN
204,342.1958,AMZN
205,342.60727,AMZN
206,343.01825,AMZN
207,343.4287,AMZN
208,343.83868,AMZN
209,344.24814,AMZN
210,344.65698,AMZN
211,345.06537,AMZN
212,345.47305,AMZN
213,345.8802,AMZN
214,346.28674,AMZN
215,346.69257,AMZN
216,347.0978,AMZN
217,347.50235,AMZN
218,347.9061,AMZN
219,348.3092,AMZN
220,348.71158,AMZN
221,349.1132,AMZN
222,349.514,AMZN
223,349.91412,AMZN
224,350.31335,AMZN
225,350.71176,AMZN
226,351.1094,AMZN
227,351.50613,AMZN
228,351.90204,AMZN
229,352.29697,AMZN
230,352.691,AMZN
231,353.08414,AMZN
232,353.4763,AMZN
233,353.86752,AMZN
234,354.2578,AMZN
235,354.64703,AMZN
236,355.03525,AMZN
237,355.4225,AMZN
238,355.80862,AMZN
239,356.19373,AMZN
240,356.5777,AMZN
241,356.96075,AMZN
242,357.3425,AMZN
243,357.7232,AMZN
244,358.10266,AMZN
245,358.4811,AMZN
246,358.85843,AMZN
247,359.23438,AMZN
248,359.60922,AMZN
249,359.98285,AMZN
250,360.35522,AMZN
251,360.72647,AMZN
252,361.09625,AMZN
253,361.4649,AMZN
254,361.8322,AMZN
255,362.19824,AMZN
256,362.563,AMZN
257,362.9264,AMZN
258,363.28845,AMZN
259,363.6491,AMZN
260,364.00848,AMZN
261,364.36636,AMZN
262,364.72296,AMZN
263,365.0781,AMZN
264,365.43192,AMZN
265,365.78424,AMZN
266,366.13513,AMZN
267,366.48456,AMZN
268,366.83264,AMZN
269,367.17908,AMZN
270,367.52414,AMZN
271,367.86765,AMZN
272,368.2097,AMZN
273,368.55023,AMZN
274,368.88928,AMZN
275,369.2267,AMZN
276,369.56268,AMZN
277,369.8971,AMZN
278,370.22995,AMZN
279,370.56113,AMZN
280,370.89084,AMZN
281,371.21906,AMZN
282,371.54553,AMZN
283,371.87048,AMZN
284,372.19385,AMZN
285,372.51553,AMZN
286,372.83566,AMZN
287,373.15408,AMZN
288,373.47092,AMZN
289,373.78616,AMZN
290,374.09964,AMZN
291,374.4117,AMZN
292,374.72183,AMZN
293,375.03046,AMZN
294,375.3374,AMZN
295,375.64264,AMZN
296,375.94623,AMZN
297,376.24814,AMZN
298,376.54834,AMZN
299,376.84692,AMZN
300,377.1437,AMZN
301,377.43884,AMZN
302,377.73227,AMZN
303,378.02402,AMZN
304,378.31406,AMZN
305,378.60242,AMZN
306,378.88898,AMZN
307,379.17386,AMZN
308,379.45715,AMZN
309,379.73856,AMZN
310,380.01828,AMZN
311,380.29633,AMZN
312,380.57266,AMZN
313,380.84723,AMZN
314,381.1201,AMZN
315,381.39133,AMZN
316,381.6607,AMZN
317,381.92838,AMZN
318,382.1944,AMZN
319,382.45865,AMZN
320,382.7211,AMZN
321,382.98206,AMZN
322,383.24106,AMZN
323,383.49838,AMZN
324,383.75403,AMZN
325,384.00797,AMZN
326,384.26016,AMZN
327,384.51062,AMZN
328,384.7594,AMZN
329,385.00653,AMZN
330,385.2519,AMZN
331,385.4955,AMZN
332,385.73743,AMZN
333,385.9777,AMZN
334,386.21628,AMZN
335,386.453,AMZN
336,386.68826,AMZN
337,386.92175,AMZN
338,387.1535,AMZN
339,387.38364,AMZN
340,387.61203,AMZN
341,387.8388,AMZN
342,388.06387,AMZN
343,388.28732,AMZN
344,388.50903,AMZN
345,388.7291,AMZN
346,388.94763,AMZN
347,389.16443,AMZN
348,389.37964,AMZN
349,389.59305,AMZN
350,389.8049,AMZN
351,390.01523,AMZN
352,390.22382,AMZN
353,390.43088,AMZN
354,390.6363,AMZN
355,390.84015,AMZN
356,391.04233,AMZN
357,391.2429,AMZN
358,391.44196,AMZN
359,391.63937,AMZN
360,391.83527,AMZN
361,392.02957,AMZN
362,392.2223,AMZN
363,392.41342,AMZN
364,392.60315,AMZN
365,392.79117,AMZN
366,392.97775,AMZN
367,393.1628,AMZN
368,393.34634,AMZN
369,393.5283,AMZN
370,393.70877,AMZN
371,393.88782,AMZN
372,394.06522,AMZN
373,394.24118,AMZN
374,394.41574,AMZN
375,394.58878,AMZN
376,394.7604,AMZN
377,394.93048,AMZN
378,395.09918,AMZN
379,395.2665,AMZN
380,395.43228,AMZN
381,395.59668,AMZN
382,395.75967,AMZN
383,395.9212,AMZN
384,396.08136,AMZN
385,396.2401,AMZN
386,396.3975,AMZN
387,396.5535,AMZN
388,396.70813,AMZN
389,396.86136,AMZN
390,397.0133,AMZN
391,397.16385,AMZN
392,397.3131,AMZN
393,397.461,AMZN
394,397.6076,AMZN
395,397.75278,AMZN
396,397.89673,AMZN
397,398.0395,AMZN
398,398.18082,AMZN
399,398.3209,AMZN
400,398.45966,AMZN
401,398.59732,AMZN
402,398.73355,AMZN
403,398.86865,AMZN
404,399.00247,AMZN
405,399.135,AMZN
406,399.26636,AMZN
407,399.39648,AMZN
408,399.52548,AMZN
409,399.6532,AMZN
410,399.7797,AMZN
411,399.90512,AMZN
412,400.02942,AMZN
413,400.15253,AMZN
414,400.2743,AMZN
415,400.39496,AMZN
416,400.51465,AMZN
417,400.63312,AMZN
418,400.75052,AMZN
419,400.8667,AMZN
420,400.98178,AMZN
421,401.0959,AMZN
422,401.2089,AMZN
423,401.32068,AMZN
424,401.43143,AMZN
425,401.54117,AMZN
426,401.64987,AMZN
427,401.7575,AMZN
428,401.86414,AMZN
429,401.96957,AMZN
430,402.07413,AMZN
431,402.1777,AMZN
432,402.28015,AMZN
433,402.38177,AMZN
434,402.48224,AMZN
435,402.5817,AMZN
436,402.68027,AMZN
437,402.7779,AMZN
438,402.87445,AMZN
439,402.97025,AMZN
440,403.06488,AMZN
441,403.15875,AMZN
442,403.2516,AMZN
443,403.34348,AMZN
444,403.43457,AMZN
445,403.52466,AMZN
446,403.6139,AMZN
447,403.70227,AMZN
448,403.78973,AMZN
449,403.87622,AMZN
450,403.96198,AMZN
451,404.04688,AMZN
452,404.13086,AMZN
453,404.21405,AMZN
454,404.29636,AMZN
455,404.37778,AMZN
456,404.4584,AMZN
457,404.53827,AMZN
458,404.6173,AMZN
459,404.69553,AMZN
460,404.77307,AMZN
461,404.8496,AMZN
462,404.9255,AMZN
463,405.00058,AMZN
464,405.07486,AMZN
465,405.14847,AMZN
466,405.2213,AMZN
467,405.29337,AMZN
468,405.36465,AMZN
469,405.43524,AMZN
470,405.50516,AMZN
471,405.57428,AMZN
472,405.64267,AMZN
473,405.71042,AMZN
474,405.77744,AMZN
475,405.84372,AMZN
476,405.9095,AMZN
477,405.97446,AMZN
478,406.03867,AMZN
479,406.10233,AMZN
480,406.16528,AMZN
481,406.2276,AMZN
482,406.2893,AMZN
483,406.35022,AMZN
484,406.41064,AMZN
485,406.4704,AMZN
486,406.52942,AMZN
487,406.58792,AMZN
488,406.6458,AMZN
489,406.70306,AMZN
490,406.7597,AMZN
491,406.81586,AMZN
492,406.8713,AMZN
493,406.92624,AMZN
494,406.9805,AMZN
495,407.03424,AMZN
496,407.0874,AMZN
497,407.14005,AMZN
498,407.19202,AMZN
499,407.24356,AMZN
500,407.29456,AMZN
501,407.34494,AMZN
502,407.3948,AMZN
503,407.44415,AMZN
504,407.49304,AMZN
505,407.54135,AMZN
506,407.5891,AMZN
507,407.6364,AMZN
508,407.6832,AMZN
509,407.72946,AMZN
510,407.77524,AMZN
511,407.8205,AMZN
512,407.86536,AMZN
513,407.9096,AMZN
514,407.95352,AMZN
515,407.99695,AMZN
516,408.03986,AMZN
517,408.08228,AMZN
518,408.1243,AMZN
519,408.16583,AMZN
520,408.20685,AMZN
521,408.24756,AMZN
522,408.28778,AMZN
523,408.3275,AMZN
524,408.36694,AMZN
525,408.40576,AMZN
526,408.44434,AMZN
527,408.48242,AMZN
528,408.52005,AMZN
529,408.55734,AMZN
530,408.59424,AMZN
531,408.6307,AMZN
532,408.66672,AMZN
533,408.70245,AMZN
534,408.73773,AMZN
535,408.7726,AMZN
536,408.8071,AMZN
537,408.84137,AMZN
538,408.87503,AMZN
539,408.90848,AMZN
540,408.9416,AMZN
541,408.97418,AMZN
542,409.00656,AMZN
543,409.0385,AMZN
544,409.07013,AMZN
545,409.10144,AMZN
546,409.1324,AMZN
547,409.16293,AMZN
1,406.03885,GOOGL
2,407.10565,GOOGL
3,408.4923,GOOGL
4,410.10492,GOOGL
5,411.88,GOOGL
6,413.77475,GOOGL
7,415.7604,GOOGL
8,417.81772,GOOGL
9,419.93378,GOOGL
10,422.09943,GOOGL
11,424.3079,GOOGL
12,426.5537,GOOGL
13,428.83258,GOOGL
14,431.1404,GOOGL
15,433.47394,GOOGL
16,435.82986,GOOGL
17,438.20538,GOOGL
18,440.59814,GOOGL
19,443.0058,GOOGL
20,445.42654,GOOGL
21,447.85867,GOOGL
22,450.30087,GOOGL
23,452.7518,GOOGL
24,455.2107,GOOGL
25,457.6767,GOOGL
26,460.1493,GOOGL
27,462.62778,GOOGL
28,465.11182,GOOGL
29,467.601,GOOGL
30,470.0951,GOOGL
31,472.59372,GOOGL
32,475.09677,GOOGL
33,477.6039,GOOGL
34,480.11478,GOOGL
35,482.62924,GOOGL
36,485.14697,GOOGL
37,487.6676,GOOGL
38,490.1909,GOOGL
39,492.7164,GOOGL
40,495.24362,GOOGL
41,497.77252,GOOGL
42,500.3022,GOOGL
43,502.83246,GOOGL
44,505.36282,GOOGL
45,507.8926,GOOGL
46,510.42145,GOOGL
47,512.9488,GOOGL
48,515.47406,GOOGL
49,517.9967,GOOGL
50,520.51605,GOOGL
51,523.0316,GOOGL
52,525.5429,GOOGL
53,528.04913,GOOGL
54,530.54987,GOOGL
55,533.04425,GOOGL
56,535.5321,GOOGL
57,538.0122,GOOGL
58,540.48444,GOOGL
59,542.9482,GOOGL
60,545.4026,GOOGL
61,547.8473,GOOGL
62,550.2816,GOOGL
63,552.70483,GOOGL
64,555.1166,GOOGL
65,557.5162,GOOGL
66,559.90314,GOOGL
67,562.27686,GOOGL
68,564.6367,GOOGL
69,566.9822,GOOGL
70,569.313,GOOGL
71,571.6282,GOOGL
72,573.9276,GOOGL
73,576.2105,GOOGL
74,578.47656,GOOGL
75,580.7253,GOOGL
76,582.956,GOOGL
77,585.1687,GOOGL
78,587.36255,GOOGL
79,589.53723,GOOGL
80,591.6923,GOOGL
81,593.8277,GOOGL
82,595.9424,GOOGL
83,598.03656,GOOGL
84,600.1097,GOOGL
85,602.16144,GOOGL
86,604.1916,GOOGL
87,606.1998,GOOGL
88,608.1857,GOOGL
89,610.14905,GOOGL
90,612.0896,GOOGL
91,614.0073,GOOGL
92,615.90173,GOOGL
93,617.7729,GOOGL
94,619.62036,GOOGL
95,621.44403,GOOGL
96,623.2442,GOOGL
97,625.0201,GOOGL
98,626.7719,GOOGL
99,628.4996,GOOGL
100,630.2031,GOOGL
101,631.8822,GOOGL
102,633.53705,GOOGL
103,635.16754,GOOGL
104,636.7736,GOOGL
105,638.3553,GOOGL
106,639.9126,GOOGL
107,641.44574,GOOGL
108,642.95447,GOOGL
109,644.4389,GOOGL
110,645.89954,GOOGL
111,647.33594,GOOGL
112,648.7484,GOOGL
113,650.13696,GOOGL
114,651.502,GOOGL
115,652.8433,GOOGL
116,654.1615,GOOGL
117,655.4562,GOOGL
118,656.72784,GOOGL
119,657.97656,GOOGL
120,659.20276,GOOGL
121,660.4064,GOOGL
122,661.58746,GOOGL
123,662.74664,GOOGL
124,663.8838,GOOGL
125,664.99945,GOOGL
126,666.0935,GOOGL
127,667.1664,GOOGL
128,668.2184,GOOGL
129,669.24963,GOOGL
130,670.2603,GOOGL
131,671.2509,GOOGL
132,672.22156,GOOGL
133,673.1724,GOOGL
134,674.1039,GOOGL
135,675.0162,GOOGL
136,675.9094,GOOGL
137,676.7844,GOOGL
138,677.64087,GOOGL
139,678.4793,GOOGL
140,679.30005,GOOGL
141,680.10297,GOOGL
142,680.8888,GOOGL
143,681.6576,GOOGL
144,682.40985,GOOGL
145,683.1456,GOOGL
146,683.8654,GOOGL
147,684.5691,GOOGL
148,685.2573,GOOGL
149,685.9302,GOOGL
150,686.58795,GOOGL
151,687.23126,GOOGL
152,687.8597,GOOGL
153,688.47406,GOOGL
154,689.0746,GOOGL
155,689.66113,GOOGL
156,690.2344,GOOGL
157,690.79456,GOOGL
158,691.3415,GOOGL
159,691.876,GOOGL
160,692.398,GOOGL
161,692.90784,GOOGL
162,693.4058,GOOGL
163,693.892,GOOGL
164,694.36664,GOOGL
165,694.83026,GOOGL
166,695.28284,GOOGL
167,695.72455,GOOGL
168,696.15576,GOOGL
169,696.57654,GOOGL
170,696.98755,GOOGL
171,697.3885,GOOGL
172,697.77985,GOOGL
173,698.1616,GOOGL
174,698.53436,GOOGL
175,698.8978,GOOGL
176,699.25256,GOOGL
177,699.59845,GOOGL
178,699.93616,GOOGL
179,700.2655,GOOGL
180,700.58685,GOOGL
181,700.9,GOOGL
182,701.2058,GOOGL
183,701.50385,GOOGL
184,701.79443,GOOGL
185,702.07806,GOOGL
186,702.3545,GOOGL
187,702.62396,GOOGL
188,702.887,GOOGL
189,703.14325,GOOGL
190,703.39325,GOOGL
191,703.6369,GOOGL
192,703.8745,GOOGL
193,704.1061,GOOGL
194,704.33185,GOOGL
195,704.5519,GOOGL
196,704.7665,GOOGL
197,704.97565,GOOGL
198,705.1797,GOOGL
199,705.37823,GOOGL
200,705.57184,GOOGL
201,705.7606,GOOGL
202,705.9445,GOOGL
203,706.1239,GOOGL
204,706.2985,GOOGL
205,706.4688,GOOGL
206,706.6348,GOOGL
207,706.7965,GOOGL
208,706.95404,GOOGL
209,707.10754,GOOGL
210,707.2573,GOOGL
211,707.4031,GOOGL
212,707.54504,GOOGL
213,707.6835,GOOGL
214,707.81824,GOOGL
215,707.94977,GOOGL
216,708.07776,GOOGL
217,708.2025,GOOGL
218,708.32367,GOOGL
219,708.44226,GOOGL
220,708.5575,GOOGL
221,708.6698,GOOGL
222,708.77924,GOOGL
223,708.8857,GOOGL
224,708.98956,GOOGL
225,709.0907,GOOGL
226,709.18915,GOOGL
227,709.2851,GOOGL
228,709.3784,GOOGL
229,709.46967,GOOGL
230,709.5584,GOOGL
231,709.6449,GOOGL
232,709.7288,GOOGL
233,709.8108,GOOGL
234,709.8906,GOOGL
235,709.9683,GOOGL
236,710.04407,GOOGL
237,710.1178,GOOGL
238,710.18964,GOOGL
239,710.2595,GOOGL
240,710.3277,GOOGL
241,710.394,GOOGL
242,710.45874,GOOGL
243,710.52155,GOOGL
244,710.5829,GOOGL
245,710.6426,GOOGL
246,710.70056,GOOGL
247,710.7573,GOOGL
248,710.8124,GOOGL
249,710.86597,GOOGL
250,710.9184,GOOGL
251,710.9692,GOOGL
252,711.0188,GOOGL
253,711.0671,GOOGL
254,711.1141,GOOGL
255,711.1599,GOOGL
256,711.2044,GOOGL
257,711.24774,GOOGL
258,711.29,GOOGL
259,711.3311,GOOGL
260,711.3714,GOOGL
261,711.41034,GOOGL
262,711.44824,GOOGL
263,711.4852,GOOGL
264,711.52136,GOOGL
265,711.5564,GOOGL
266,711.59045,GOOGL
267,711.6238,GOOGL
268,711.6561,GOOGL
269,711.68774,GOOGL
270,711.71844,GOOGL
271,711.74835,GOOGL
272,711.7775,GOOGL
273,711.8057,GOOGL
274,711.8334,GOOGL
275,711.86017,GOOGL
276,711.8862,GOOGL
277,711.9118,GOOGL
278,711.93665,GOOGL
279,711.96075,GOOGL
280,711.9843,GOOGL
281,712.0072,GOOGL
282,712.02936,GOOGL
283,712.0513,GOOGL
284,712.0723,GOOGL
285,712.0929,GOOGL
286,712.11304,GOOGL
287,712.1324,GOOGL
288,712.1515,GOOGL
289,712.16986,GOOGL
290,712.188,GOOGL
291,712.2054,GOOGL
292,712.2225,GOOGL
293,712.2391,GOOGL
294,712.25525,GOOGL
295,712.27106,GOOGL
296,712.2864,GOOGL
297,712.3013,GOOGL
298,712.3158,GOOGL
299,712.32996,GOOGL
300,712.3438,GOOGL
301,712.3572,GOOGL
302,712.3703,GOOGL
303,712.383,GOOGL
304,712.3955,GOOGL
305,712.40735,GOOGL
306,712.41907,GOOGL
307,712.4306,GOOGL
308,712.4417,GOOGL
309,712.4524,GOOGL
310,712.4632,GOOGL
311,712.4732,GOOGL
312,712.4834,GOOGL
313,712.49316,GOOGL
314,712.5024,GOOGL
315,712.5117,GOOGL
316,712.5207,GOOGL
317,712.5294,GOOGL
318,712.5379,GOOGL
319,712.54614,GOOGL
320,712.5542,GOOGL
321,712.562,GOOGL
322,712.56964,GOOGL
323,712.5771,GOOGL
324,712.5843,GOOGL
325,712.5914,GOOGL
326,712.5982,GOOGL
327,712.60486,GOOGL
328,712.6115,GOOGL
329,712.61786,GOOGL
330,712.624,GOOGL
331,712.62994,GOOGL
332,712.6358,GOOGL
333,712.64154,GOOGL
334,712.64703,GOOGL
335,712.6525,GOOGL
336,712.65765,GOOGL
337,712.6628,GOOGL
338,712.66785,GOOGL
339,712.6725,GOOGL
340,712.6773,GOOGL
341,712.68195,GOOGL
342,712.68634,GOOGL
343,712.6907,GOOGL
344,712.69507,GOOGL
345,712.69904,GOOGL
346,712.703,GOOGL
347,712.70703,GOOGL
348,712.7109,GOOGL
349,712.7146,GOOGL
350,712.7182,GOOGL
351,712.7217,GOOGL
352,712.725,GOOGL
353,712.7284,GOOGL
354,712.7316,GOOGL
355,712.7348,GOOGL
356,712.73785,GOOGL
357,712.7408,GOOGL
358,712.74365,GOOGL
359,712.7466,GOOGL
360,712.7493,GOOGL
361,712.75195,GOOGL
362,712.75464,GOOGL
363,712.7571,GOOGL
364,712.7597,GOOGL
365,712.76215,GOOGL
366,712.76434,GOOGL
367,712.7667,GOOGL
368,712.7689,GOOGL
369,712.77106,GOOGL
370,712.77313,GOOGL
371,712.77515,GOOGL
372,712.7772,GOOGL
373,712.7791,GOOGL
374,712.781,GOOGL
375,712.78296,GOOGL
376,712.7848,GOOGL
377,712.7866,GOOGL
378,712.78815,GOOGL
379,712.7898,GOOGL
380,712.7915,GOOGL
381,712.7931,GOOGL
382,712.79456,GOOGL
383,712.7961,GOOGL
384,712.79767,GOOGL
385,712.7989,GOOGL
386,712.8002,GOOGL
387,712.8017,GOOGL
388,712.80286,GOOGL
389,712.80414,GOOGL
390,712.8053,GOOGL
391,712.80676,GOOGL
392,712.8078,GOOGL
393,712.8089,GOOGL
394,712.8101,GOOGL
395,712.81116,GOOGL
396,712.81213,GOOGL
397,712.8132,GOOGL
398,712.8142,GOOGL
399,712.8151,GOOGL
400,712.8161,GOOGL
401,712.817,GOOGL
402,712.8178,GOOGL
403,712.81885,GOOGL
404,712.81964,GOOGL
405,712.82043,GOOGL
406,712.8212,GOOGL
407,712.8221,GOOGL
408,712.8228,GOOGL
409,712.8236,GOOGL
410,712.8242,GOOGL
411,712.82495,GOOGL
412,712.82574,GOOGL
413,712.82635,GOOGL
414,712.82684,GOOGL
415,712.8276,GOOGL
416,712.82806,GOOGL
417,712.8287,GOOGL
418,712.8293,GOOGL
419,712.82983,GOOGL
420,712.8305,GOOGL
421,712.83105,GOOGL
422,712.83154,GOOGL
423,712.832,GOOGL
424,712.8325,GOOGL
425,712.83307,GOOGL
426,712.8334,GOOGL
427,712.834,GOOGL
428,712.8344,GOOGL
429,712.8348,GOOGL
430,712.8352,GOOGL
431,712.8356,GOOGL
432,712.8362,GOOGL
433,712.83655,GOOGL
434,712.8369,GOOGL
435,712.8372,GOOGL
436,712.8375,GOOGL
437,712.8381,GOOGL
438,712.83844,GOOGL
439,712.8387,GOOGL
440,712.839,GOOGL
441,712.8393,GOOGL
442,712.83966,GOOGL
443,712.83997,GOOGL
444,712.8404,GOOGL
445,712.8405,GOOGL
446,712.84076,GOOGL
447,712.84106,GOOGL
448,712.8413,GOOGL
449,712.8415,GOOGL
450,712.8417,GOOGL
451,712.84204,GOOGL
452,712.84235,GOOGL
453,712.8426,GOOGL
454,712.8427,GOOGL
455,712.843,GOOGL
456,712.8433,GOOGL
457,712.8435,GOOGL
458,712.8436,GOOGL
459,712.84375,GOOGL
460,712.8439,GOOGL
461,712.84406,GOOGL
462,712.84424,GOOGL
463,712.8444,GOOGL
464,712.84454,GOOGL
465,712.8447,GOOGL
466,712.845,GOOGL
467,712.8451,GOOGL
468,712.8451,GOOGL
469,712.8454,GOOGL
470,712.84546,GOOGL
471,712.8456,GOOGL
472,712.84564,GOOGL
473,712.84576,GOOGL
474,712.846,GOOGL
475,712.84607,GOOGL
476,712.8462,GOOGL
477,712.8463,GOOGL
478,712.8465,GOOGL
479,712.84656,GOOGL
480,712.8466,GOOGL
481,712.8468,GOOGL
482,712.84686,GOOGL
483,712.847,GOOGL
484,712.847,GOOGL
485,712.84717,GOOGL
486,712.8472,GOOGL
487,712.8474,GOOGL
488,712.8474,GOOGL
489,712.8475,GOOGL
490,712.84753,GOOGL
491,712.8476,GOOGL
492,712.8476,GOOGL
493,712.8476,GOOGL
494,712.8477,GOOGL
495,712.8478,GOOGL
496,712.84784,GOOGL
497,712.8479,GOOGL
498,712.8479,GOOGL
499,712.848,GOOGL
500,712.8481,GOOGL
501,712.8481,GOOGL
502,712.8482,GOOGL
503,712.8482,GOOGL
504,712.8483,GOOGL
505,712.8483,GOOGL
506,712.84845,GOOGL
507,712.8485,GOOGL
508,712.84863,GOOGL
509,712.8487,GOOGL
510,712.84875,GOOGL
511,712.8488,GOOGL
512,712.84894,GOOGL
513,712.84906,GOOGL
514,712.8491,GOOGL
515,712.84924,GOOGL
516,712.8493,GOOGL
517,712.8493,GOOGL
518,712.84937,GOOGL
519,712.8494,GOOGL
520,712.8494,GOOGL
521,712.84955,GOOGL
522,712.84955,GOOGL
523,712.84955,GOOGL
524,712.8496,GOOGL
525,712.8496,GOOGL
526,712.8496,GOOGL
527,712.8497,GOOGL
528,712.8497,GOOGL
529,712.84973,GOOGL
530,712.84985,GOOGL
531,712.84985,GOOGL
532,712.8499,GOOGL
533,712.8499,GOOGL
534,712.8499,GOOGL
535,712.85,GOOGL
536,712.8499,GOOGL
537,712.85,GOOGL
538,712.85,GOOGL
539,712.85,GOOGL
540,712.85,GOOGL
541,712.85,GOOGL
542,712.85,GOOGL
543,712.85004,GOOGL
544,712.85,GOOGL
545,712.85004,GOOGL
546,712.85004,GOOGL
547,712.85004,GOOGL
1,407.95532,MSFT
2,407.63403,MSFT
3,407.15396,MSFT
4,406.56604,MSFT
5,405.90924,MSFT
6,405.21118,MSFT
7,404.49063,MSFT
8,403.75986,MSFT
9,403.0269,MSFT
10,402.29633,MSFT
11,401.5712,MSFT
12,400.853,MSFT
13,400.14255,MSFT
14,399.44003,MSFT
15,398.74567,MSFT
16,398.0592,MSFT
17,397.38043,MSFT
18,396.70914,MSFT
19,396.0451,MSFT
20,395.38812,MSFT
21,394.7379,MSFT
22,394.09433,MSFT
23,393.45712,MSFT
24,392.82614,MSFT
25,392.20126,MSFT
26,391.5822,MSFT
27,390.96906,MSFT
28,390.3614,MSFT
29,389.75928,MSFT
30,389.16254,MSFT
31,388.5711,MSFT
32,387.9847,MSFT
33,387.40353,MSFT
34,386.82727,MSFT
35,386.25595,MSFT
36,385.6894,MSFT
37,385.12756,MSFT
38,384.57034,MSFT
39,384.0177,MSFT
40,383.4695,MSFT
41,382.92575,MSFT
42,382.3864,MSFT
43,381.85132,MSFT
44,381.32043,MSFT
45,380.7937,MSFT
46,380.27118,MSFT
47,379.7526,MSFT
48,379.23804,MSFT
49,378.72745,MSFT
50,378.22067,MSFT
51,377.71783,MSFT
52,377.21866,MSFT
53,376.72327,MSFT
54,376.23154,MSFT
55,375.74335,MSFT
56,375.25873,MSFT
57,374.7777,MSFT
58,374.30014,MSFT
59,373.82593,MSFT
60,373.35513,MSFT
61,372.8877,MSFT
62,372.42346,MSFT
63,371.96252,MSFT
64,371.5048,MSFT
65,371.05023,MSFT
66,370.59872,MSFT
67,370.15033,MSFT
68,369.705,MSFT
69,369.26254,MSFT
70,368.82315,MSFT
71,368.3867,MSFT
72,367.95306,MSFT
73,367.52228,MSFT
74,367.09427,MSFT
75,366.66907,MSFT
76,366.2466,MSFT
77,365.8269,MSFT
78,365.40976,MSFT
79,364.99533,MSFT
80,364.58347,MSFT
81,364.17416,MSFT
82,363.76743,MSFT
83,363.36316,MSFT
84,362.96146,MSFT
85,362.56216,MSFT
86,362.16522,MSFT
87,361.77075,MSFT
88,361.37866,MSFT
89,360.98883,MSFT
90,360.6014,MSFT
91,360.21616,MSFT
92,359.8332,MSFT
93,359.45248,MSFT
94,359.07394,MSFT
95,358.6976,MSFT
96,358.3234,MSFT
97,357.95135,MSFT
98,357.58133,MSFT
99,357.21347,MSFT
100,356.84766,MSFT
101,356.48386,MSFT
102,356.12204,MSFT
103,355.76224,MSFT
104,355.4044,MSFT
105,355.04846,MSFT
106,354.69455,MSFT
107,354.3424,MSFT
108,353.99222,MSFT
109,353.6439,MSFT
110,353.2974,MSFT
111,352.95273,MSFT
112,352.60986,MSFT
113,352.2687,MSFT
114,351.92938,MSFT
115,351.5918,MSFT
116,351.2559,MSFT
117,350.92175,MSFT
118,350.58926,MSFT
119,350.25848,MSFT
120,349.92932,MSFT
121,349.60178,MSFT
122,349.27585,MSFT
123,348.95157,MSFT
124,348.62888,MSFT
125,348.30768,MSFT
126,347.98813,MSFT
127,347.67007,MSFT
128,347.35352,MSFT
129,347.03848,MSFT
130,346.72495,MSFT
131,346.4129,MSFT
132,346.10226,MSFT
133,345.79306,MSFT
134,345.4854,MSFT
135,345.1791,MSFT
136,344.8742,MSFT
137,344.5707,MSFT
138,344.2686,MSFT
139,343.9678,MSFT
140,343.66833,MSFT
141,343.37027,MSFT
142,343.07352,MSFT
143,342.7781,MSFT
144,342.4839,MSFT
145,342.19107,MSFT
146,341.89944,MSFT
147,341.6091,MSFT
148,341.32004,MSFT
149,341.0322,MSFT
150,340.74554,MSFT
151,340.46014,MSFT
152,340.176,MSFT
153,339.893,MSFT
154,339.61115,MSFT
155,339.3305,MSFT
156,339.051,MSFT
157,338.7726,MSFT
158,338.4954,MSFT
159,338.21933,MSFT
160,337.94437,MSFT
161,337.67056,MSFT
162,337.39777,MSFT
163,337.12604,MSFT
164,336.8555,MSFT
165,336.5859,MSFT
166,336.31744,MSFT
167,336.05002,MSFT
168,335.78363,MSFT
169,335.51828,MSFT
170,335.25394,MSFT
171,334.99066,MSFT
172,334.7283,MSFT
173,334.46698,MSFT
174,334.20654,MSFT
175,333.9472,MSFT
176,333.6888,MSFT
177,333.43137,MSFT
178,333.17487,MSFT
179,332.91934,MSFT
180,332.6647,MSFT
181,332.411,MSFT
182,332.15823,MSFT
183,331.90634,MSFT
184,331.65536,MSFT
185,331.40533,MSFT
186,331.15613,MSFT
187,330.90784,MSFT
188,330.6604,MSFT
189,330.41388,MSFT
190,330.16818,MSFT
191,329.9233,MSFT
192,329.67932,MSFT
193,329.43613,MSFT
194,329.19376,MSFT
195,328.95224,MSFT
196,328.71152,MSFT
197,328.47162,MSFT
198,328.2325,MSFT
199,327.99423,MSFT
200,327.75674,MSFT
201,327.52,MSFT
202,327.284,MSFT
203,327.04886,MSFT
204,326.81442,MSFT
205,326.58072,MSFT
206,326.3478,MSFT
207,326.11566,MSFT
208,325.88422,MSFT
209,325.6535,MSFT
210,325.42352,MSFT
211,325.1943,MSFT
212,324.96576,MSFT
213,324.73795,MSFT
214,324.51077,MSFT
215,324.28436,MSFT
216,324.05865,MSFT
217,323.8336,MSFT
218,323.6092,MSFT
219,323.3855,MSFT
220,323.1625,MSFT
221,322.94012,MSFT
222,322.71844,MSFT
223,322.4974,MSFT
224,322.27698,MSFT
225,322.05725,MSFT
226,321.83817,MSFT
227,321.6197,MSFT
228,321.40182,MSFT
229,321.18466,MSFT
230,320.96805,MSFT
231,320.75204,MSFT
232,320.5367,MSFT
233,320.32193,MSFT
234,320.10776,MSFT
235,319.89417,MSFT
236,319.6812,MSFT
237,319.46884,MSFT
238,319.25702,MSFT
239,319.0458,MSFT
240,318.83514,MSFT
241,318.62506,MSFT
242,318.41553,MSFT
243,318.2066,MSFT
244,317.9982,MSFT
245,317.79034,MSFT
246,317.58307,MSFT
247,317.37628,MSFT
248,317.17007,MSFT
249,316.9644,MSFT
250,316.75925,MSFT
251,316.55463,MSFT
252,316.35056,MSFT
253,316.14697,MSFT
254,315.9439,MSFT
255,315.74136,MSFT
256,315.53934,MSFT
257,315.3378,MSFT
258,315.13678,MSFT
259,314.93622,MSFT
260,314.7362,MSFT
261,314.53665,MSFT
262,314.33755,MSFT
263,314.139,MSFT
264,313.9409,MSFT
265,313.74326,MSFT
266,313.5461,MSFT
267,313.34943,MSFT
268,313.1532,MSFT
269,312.95746,MSFT
270,312.7622,MSFT
271,312.56732,MSFT
272,312.37292,MSFT
273,312.179,MSFT
274,311.9855,MSFT
275,311.79245,MSFT
276,311.59982,MSFT
277,311.40765,MSFT
278,311.21594,MSFT
279,311.02457,MSFT
280,310.83368,MSFT
281,310.64322,MSFT
282,310.45316,MSFT
283,310.26355,MSFT
284,310.07434,MSFT
285,309.88553,MSFT
286,309.69714,MSFT
287,309.50916,MSFT
288,309.32156,MSFT
289,309.1344,MSFT
290,308.94757,MSFT
291,308.7612,MSFT
292,308.57516,MSFT
293,308.38956,MSFT
294,308.20435,MSFT
295,308.01947,MSFT
296,307.83502,MSFT
297,307.65094,MSFT
298,307.4672,MSFT
299,307.28387,MSFT
300,307.1009,MSFT
301,306.91827,MSFT
302,306.73602,MSFT
303,306.55417,MSFT
304,306.37262,MSFT
305,306.19147,MSFT
306,306.01062,MSFT
307,305.8302,MSFT
308,305.65005,MSFT
309,305.47028,MSFT
310,305.29086,MSFT
311,305.1118,MSFT
312,304.93304,MSFT
313,304.75464,MSFT
314,304.57657,MSFT
315,304.39883,MSFT
316,304.22144,MSFT
317,304.04434,MSFT
318,303.86758,MSFT
319,303.69116,MSFT
320,303.515,MSFT
321,303.33923,MSFT
322,303.16376,MSFT
323,302.9886,MSFT
324,302.81372,MSFT
325,302.6392,MSFT
326,302.46494,MSFT
327,302.29102,MSFT
328,302.11737,MSFT
329,301.944,MSFT
330,301.771,MSFT
331,301.59827,MSFT
332,301.42584,MSFT
333,301.25366,MSFT
334,301.08182,MSFT
335,300.91025,MSFT
336,300.73895,MSFT
337,300.56796,MSFT
338,300.39725,MSFT
339,300.2268,MSFT
340,300.05664,MSFT
341,299.88675,MSFT
342,299.71716,MSFT
343,299.54782,MSFT
344,299.37875,MSFT
345,299.20996,MSFT
346,299.04144,MSFT
347,298.87317,MSFT
348,298.7052,MSFT
349,298.5374,MSFT
350,298.36993,MSFT
351,298.20273,MSFT
352,298.03574,MSFT
353,297.86902,MSFT
354,297.70258,MSFT
355,297.53638,MSFT
356,297.3704,MSFT
357,297.20468,MSFT
358,297.03918,MSFT
359,296.874,MSFT
360,296.709,MSFT
361,296.54425,MSFT
362,296.37973,MSFT
363,296.21545,MSFT
364,296.05142,MSFT
365,295.8876,MSFT
366,295.72403,MSFT
367,295.5607,MSFT
368,295.39758,MSFT
369,295.23468,MSFT
370,295.07202,MSFT
371,294.90958,MSFT
372,294.74738,MSFT
373,294.5854,MSFT
374,294.42358,MSFT
375,294.26202,MSFT
376,294.10065,MSFT
377,293.93954,MSFT
378,293.7786,MSFT
379,293.6179,MSFT
380,293.4574,MSFT
381,293.2971,MSFT
382,293.13702,MSFT
383,292.97714,MSFT
384,292.81744,MSFT
385,292.658,MSFT
386,292.49872,MSFT
387,292.33963,MSFT
388,292.18073,MSFT
389,292.02203,MSFT
390,291.86356,MSFT
391,291.70526,MSFT
392,291.54715,MSFT
393,291.38922,MSFT
394,291.23154,MSFT
395,291.07394,MSFT
396,290.91663,MSFT
397,290.75943,MSFT
398,290.60248,MSFT
399,290.44568,MSFT
400,290.28903,MSFT
401,290.1326,MSFT
402,289.97635,MSFT
403,289.82025,MSFT
404,289.66434,MSFT
405,289.5086,MSFT
406,289.35303,MSFT
407,289.19763,MSFT
408,289.04242,MSFT
409,288.88736,MSFT
410,288.73248,MSFT
411,288.57776,MSFT
412,288.42322,MSFT
413,288.26883,MSFT
414,288.1146,MSFT
415,287.9605,MSFT
416,287.80664,MSFT
417,287.6529,MSFT
418,287.4993,MSFT
419,287.34586,MSFT
420,287.19257,MSFT
421,287.0395,MSFT
422,286.8865,MSFT
423,286.7337,MSFT
424,286.58102,MSFT
425,286.4285,MSFT
426,286.27612,MSFT
427,286.1239,MSFT
428,285.97183,MSFT
429,285.81992,MSFT
430,285.66812,MSFT
431,285.51648,MSFT
432,285.365,MSFT
433,285.21362,MSFT
434,285.0624,MSFT
435,284.9113,MSFT
436,284.76038,MSFT
437,284.60953,MSFT
438,284.45886,MSFT
439,284.30832,MSFT
440,284.1579,MSFT
441,284.00763,MSFT
442,283.85748,MSFT
443,283.7075,MSFT
444,283.5576,MSFT
445,283.4078,MSFT
446,283.25818,MSFT
447,283.10867,MSFT
448,282.9593,MSFT
449,282.81003,MSFT
450,282.6609,MSFT
451,282.51187,MSFT
452,282.36295,MSFT
453,282.21417,MSFT
454,282.06552,MSFT
455,281.91696,MSFT
456,281.76852,MSFT
457,281.62024,MSFT
458,281.47202,MSFT
459,281.32394,MSFT
460,281.17596,MSFT
461,281.02808,MSFT
462,280.88034,MSFT
463,280.7327,MSFT
464,280.58517,MSFT
465,280.43774,MSFT
466,280.2904,MSFT
467,280.1432,MSFT
468,279.99606,MSFT
469,279.8491,MSFT
470,279.70218,MSFT
471,279.55536,MSFT
472,279.40866,MSFT
473,279.26205,MSFT
474,279.11557,MSFT
475,278.96915,MSFT
476,278.82285,MSFT
477,278.6766,MSFT
478,278.53052,MSFT
479,278.3845,MSFT
480,278.23856,MSFT
481,278.0927,MSFT
482,277.947,MSFT
483,277.8013,MSFT
484,277.65576,MSFT
485,277.51028,MSFT
486,277.3649,MSFT
487,277.2196,MSFT
488,277.07437,MSFT
489,276.92926,MSFT
490,276.7842,MSFT
491,276.63925,MSFT
492,276.49435,MSFT
493,276.34958,MSFT
494,276.20486,MSFT
495,276.06024,MSFT
496,275.91568,MSFT
497,275.7712,MSFT
498,275.6268,MSFT
499,275.4825,MSFT
500,275.33826,MSFT
501,275.1941,MSFT
502,275.05,MSFT
503,274.90594,MSFT
504,274.76205,MSFT
505,274.61816,MSFT
506,274.47437,MSFT
507,274.33063,MSFT
508,274.18698,MSFT
509,274.0434,MSFT
510,273.89987,MSFT
511,273.75644,MSFT
512,273.61307,MSFT
513,273.46973,MSFT
514,273.32648,MSFT
515,273.1833,MSFT
516,273.04016,MSFT
517,272.8971,MSFT
518,272.7541,MSFT
519,272.61115,MSFT
520,272.46826,MSFT
521,272.32544,MSFT
522,272.18268,MSFT
523,272.03998,MSFT
524,271.89737,MSFT
525,271.75473,MSFT
526,271.61224,MSFT
527,271.46976,MSFT
528,271.32736,MSFT
529,271.185,MSFT
530,271.04266,MSFT
531,270.9004,MSFT
532,270.75818,MSFT
533,270.61606,MSFT
534,270.47394,MSFT
535,270.33188,MSFT
536,270.1899,MSFT
537,270.04794,MSFT
538,269.90604,MSFT
539,269.76416,MSFT
540,269.62234,MSFT
541,269.48056,MSFT
542,269.33887,MSFT
543,269.19717,MSFT
544,269.05554,MSFT
545,268.91394,MSFT
546,268.77237,MSFT
547,268.63086,MSFT
1,203.49783,NVDA
2,203.80928,NVDA
3,203.02132,NVDA
4,201.58496,NVDA
5,199.78064,NVDA
6,197.78052,NVDA
7,195.68983,NVDA
8,193.57256,NVDA
9,191.46716,NVDA
10,189.39658,NVDA
11,187.37408,NVDA
12,185.40714,NVDA
13,183.49944,NVDA
14,181.65259,NVDA
15,179.86656,NVDA
16,178.14073,NVDA
17,176.47374,NVDA
18,174.86403,NVDA
19,173.3097,NVDA
20,171.80884,NVDA
21,170.35947,NVDA
22,168.95961,NVDA
23,167.60725,NVDA
24,166.30035,NVDA
25,165.03712,NVDA
26,163.81566,NVDA
27,162.6341,NVDA
28,161.49084,NVDA
29,160.38408,NVDA
30,159.31233,NVDA
31,158.27405,NVDA
32,157.26782,NVDA
33,156.29224,NVDA
34,155.346,NVDA
35,154.42787,NVDA
36,153.53673,NVDA
37,152.67136,NVDA
38,151.83078,NVDA
39,151.01396,NVDA
40,150.22005,NVDA
41,149.4479,NVDA
42,148.69691,NVDA
43,147.96617,NVDA
44,147.25491,NVDA
45,146.56242,NVDA
46,145.88797,NVDA
47,145.23093,NVDA
48,144.59067,NVDA
49,143.96655,NVDA
50,143.3581,NVDA
51,142.76472,NVDA
52,142.18587,NVDA
53,141.62111,NVDA
54,141.06989,NVDA
55,140.53185,NVDA
56,140.00652,NVDA
57,139.49347,NVDA
58,138.99232,NVDA
59,138.50276,NVDA
60,138.02432,NVDA
61,137.55678,NVDA
62,137.09972,NVDA
63,136.65286,NVDA
64,136.2159,NVDA
65,135.78853,NVDA
66,135.37048,NVDA
67,134.96146,NVDA
68,134.56122,NVDA
69,134.16957,NVDA
70,133.78615,NVDA
71,133.41084,NVDA
72,133.04337,NVDA
73,132.6835,NVDA
74,132.33107,NVDA
75,131.9859,NVDA
76,131.64767,NVDA
77,131.31635,NVDA
78,130.99171,NVDA
79,130.67352,NVDA
80,130.36166,NVDA
81,130.056,NVDA
82,129.75632,NVDA
83,129.46246,NVDA
84,129.17435,NVDA
85,128.89182,NVDA
86,128.61467,NVDA
87,128.34285,NVDA
88,128.07622,NVDA
89,127.81457,NVDA
90,127.557945,NVDA
91,127.30605,NVDA
92,127.05886,NVDA
93,126.81625,NVDA
94,126.57815,NVDA
95,126.34441,NVDA
96,126.11492,NVDA
97,125.88965,NVDA
98,125.66843,NVDA
99,125.45121,NVDA
100,125.23788,NVDA
101,125.028366,NVDA
102,124.82262,NVDA
103,124.62048,NVDA
104,124.421936,NVDA
105,124.226875,NVDA
106,124.035225,NVDA
107,123.846924,NVDA
108,123.6619,NVDA
109,123.48009,NVDA
110,123.3014,NVDA
111,123.12575,NVDA
112,122.95316,NVDA
113,122.78351,NVDA
114,122.6167,NVDA
115,122.45275,NVDA
116,122.29158,NVDA
117,122.133095,NVDA
118,121.977264,NVDA
119,121.82406,NVDA
120,121.67338,NVDA
121,121.52522,NVDA
122,121.37955,NVDA
123,121.23621,NVDA
124,121.09525,NVDA
125,120.956604,NVDA
126,120.82024,NVDA
127,120.6861,NVDA
128,120.55413,NVDA
129,120.424286,NVDA
130,120.29655,NVDA
131,120.17086,NVDA
132,120.04721,NVDA
133,119.92555,NVDA
134,119.805824,NVDA
135,119.68799,NVDA
136,119.57207,NVDA
137,119.45794,NVDA
138,119.34561,NVDA
139,119.235085,NVDA
140,119.1263,NVDA
141,119.0192,NVDA
142,118.91379,NVDA
143,118.81003,NVDA
144,118.70788,NVDA
145,118.60729,NVDA
146,118.50832,NVDA
147,118.41084,NVDA
148,118.31488,NVDA
149,118.22039,NVDA
150,118.12738,NVDA
151,118.03577,NVDA
152,117.945564,NVDA
153,117.85675,NVDA
154,117.76929,NVDA
155,117.68312,NVDA
156,117.598305,NVDA
157,117.51478,NVDA
158,117.43247,NVDA
159,117.351456,NVDA
160,117.271614,NVDA
161,117.193016,NVDA
162,117.11562,NVDA
163,117.039314,NVDA
164,116.964165,NVDA
165,116.890175,NVDA
166,116.817276,NVDA
167,116.74545,NVDA
168,116.6747,NVDA
169,116.60497,NVDA
170,116.5363,NVDA
171,116.46868,NVDA
172,116.40199,NVDA
173,116.33631,NVDA
174,116.27163,NVDA
175,116.20785,NVDA
176,116.14503,NVDA
177,116.08313,NVDA
178,116.02213,NVDA
179,115.96203,NVDA
180,115.90279,NVDA
181,115.844406,NVDA
182,115.7869,NVDA
183,115.73021,NVDA
184,115.67438,NVDA
185,115.61932,NVDA
186,115.565056,NVDA
187,115.51159,NVDA
188,115.4589,NVDA
189,115.40696,NVDA
190,115.35573,NVDA
191,115.305275,NVDA
192,115.25556,NVDA
193,115.20654,NVDA
194,115.15821,NVDA
195,115.11058,NVDA
196,115.06365,NVDA
197,115.01736,NVDA
198,114.97176,NVDA
199,114.926796,NVDA
200,114.88245,NVDA
201,114.83875,NVDA
202,114.7957,NVDA
203,114.753204,NVDA
204,114.71136,NVDA
205,114.67009,NVDA
206,114.629364,NVDA
207,114.589264,NVDA
208,114.54972,NVDA
209,114.51071,NVDA
210,114.47229,NVDA
211,114.43439,NVDA
212,114.39701,NVDA
213,114.36017,NVDA
214,114.32383,NVDA
215,114.28803,NVDA
216,114.2527,NVDA
217,114.21788,NVDA
218,114.18354,NVDA
219,114.14968,NVDA
220,114.1163,NVDA
221,114.0834,NVDA
222,114.05093,NVDA
223,114.01891,NVDA
224,113.98736,NVDA
225,113.956245,NVDA
226,113.925545,NVDA
227,113.89529,NVDA
228,113.86544,NVDA
229,113.836,NVDA
230,113.80697,NVDA
231,113.77836,NVDA
232,113.75012,NVDA
233,113.72228,NVDA
234,113.69486,NVDA
235,113.66775,NVDA
236,113.641075,NVDA
237,113.61472,NVDA
238,113.588776,NVDA
239,113.56316,NVDA
240,113.53788,NVDA
241,113.512985,NVDA
242,113.48839,NVDA
243,113.464165,NVDA
244,113.44026,NVDA
245,113.41669,NVDA
246,113.39344,NVDA
247,113.370514,NVDA
248,113.34789,NVDA
249,113.32558,NVDA
250,113.30357,NVDA
251,113.281876,NVDA
252,113.26048,NVDA
253,113.239365,NVDA
254,113.21851,NVDA
255,113.19798,NVDA
256,113.177704,NVDA
257,113.15772,NVDA
258,113.138016,NVDA
259,113.11857,NVDA
260,113.09939,NVDA
261,113.08047,NVDA
262,113.06178,NVDA
263,113.043396,NVDA
264,113.02522,NVDA
265,113.0073,NVDA
266,112.98965,NVDA
267,112.97221,NVDA
268,112.955,NVDA
269,112.93806,NVDA
270,112.9213,NVDA
271,112.904785,NVDA
272,112.888504,NVDA
273,112.87243,NVDA
274,112.8566,NVDA
275,112.840965,NVDA
276,112.82555,NVDA
277,112.81032,NVDA
278,112.79532,NVDA
279,112.78049,NVDA
280,112.7659,NVDA
281,112.75147,NVDA
282,112.73729,NVDA
283,112.72322,NVDA
284,112.70943,NVDA
285,112.69576,NVDA
286,112.6823,NVDA
287,112.66902,NVDA
288,112.65591,NVDA
289,112.64299,NVDA
290,112.630226,NVDA
291,112.61763,NVDA
292,112.605225,NVDA
293,112.592995,NVDA
294,112.58087,NVDA
295,112.568954,NVDA
296,112.5572,NVDA
297,112.54561,NVDA
298,112.53413,NVDA
299,112.52284,NVDA
300,112.5117,NVDA
301,112.50072,NVDA
302,112.48985,NVDA
303,112.47915,NVDA
304,112.46859,NVDA
305,112.45816,NVDA
306,112.4479,NVDA
307,112.43777,NVDA
308,112.42774,NVDA
309,112.41786,NVDA
310,112.408134,NVDA
311,112.39854,NVDA
312,112.38904,NVDA
313,112.37967,NVDA
314,112.37045,NVDA
315,112.36137,NVDA
316,112.35234,NVDA
317,112.34348,NVDA
318,112.33475,NVDA
319,112.326126,NVDA
320,112.31761,NVDA
321,112.30918,NVDA
322,112.300896,NVDA
323,112.292725,NVDA
324,112.28467,NVDA
325,112.2767,NVDA
326,112.268845,NVDA
327,112.261086,NVDA
328,112.25344,NVDA
329,112.245895,NVDA
330,112.23845,NVDA
331,112.23109,NVDA
332,112.22384,NVDA
333,112.21668,NVDA
334,112.20962,NVDA
335,112.20265,NVDA
336,112.195786,NVDA
337,112.18901,NVDA
338,112.18229,NVDA
339,112.17569,NVDA
340,112.169174,NVDA
341,112.16276,NVDA
342,112.1564,NVDA
343,112.150154,NVDA
344,112.14395,NVDA
345,112.13786,NVDA
346,112.13186,NVDA
347,112.12594,NVDA
348,112.12007,NVDA
349,112.11431,NVDA
350,112.1086,NVDA
351,112.10296,NVDA
352,112.09741,NVDA
353,112.091934,NVDA
354,112.08654,NVDA
355,112.0812,NVDA
356,112.07593,NVDA
357,112.070724,NVDA
358,112.06561,NVDA
359,112.06057,NVDA
360,112.055565,NVDA
361,112.05065,NVDA
362,112.045784,NVDA
363,112.04098,NVDA
364,112.03624,NVDA
365,112.03161,NVDA
366,112.02696,NVDA
367,112.022446,NVDA
368,112.01794,NVDA
369,112.013504,NVDA
370,112.00914,NVDA
371,112.00484,NVDA
372,112.000595,NVDA
373,111.9964,NVDA
374,111.99223,NVDA
375,111.988144,NVDA
376,111.984116,NVDA
377,111.98013,NVDA
378,111.976204,NVDA
379,111.972336,NVDA
380,111.9685,NVDA
381,111.96474,NVDA
382,111.961006,NVDA
383,111.957344,NVDA
384,111.953705,NVDA
385,111.95014,NVDA
386,111.94661,NVDA
387,111.94313,NVDA
388,111.93967,NVDA
389,111.936295,NVDA
390,111.93294,NVDA
391,111.929634,NVDA
392,111.92637,NVDA
393,111.92316,NVDA
394,111.91996,NVDA
395,111.91684,NVDA
396,111.91374,NVDA
397,111.910706,NVDA
398,111.90769,NVDA
399,111.9047,NVDA
400,111.901764,NVDA
401,111.89889,NVDA
402,111.896034,NVDA
403,111.89322,NVDA
404,111.89044,NVDA
405,111.887695,NVDA
406,111.88498,NVDA
407,111.88231,NVDA
408,111.879684,NVDA
409,111.87707,NVDA
410,111.874504,NVDA
411,111.87196,NVDA
412,111.86946,NVDA
413,111.867,NVDA
414,111.86456,NVDA
415,111.862175,NVDA
416,111.85979,NVDA
417,111.85746,NVDA
418,111.855125,NVDA
419,111.85285,NVDA
420,111.8506,NVDA
421,111.84837,NVDA
422,111.8462,NVDA
423,111.844025,NVDA
424,111.841896,NVDA
425,111.83977,NVDA
426,111.837715,NVDA
427,111.83566,NVDA
428,111.83362,NVDA
429,111.83164,NVDA
430,111.82965,NVDA
431,111.82771,NVDA
432,111.825806,NVDA
433,111.8239,NVDA
434,111.82204,NVDA
435,111.82019,NVDA
436,111.818375,NVDA
437,111.81656,NVDA
438,111.81481,NVDA
439,111.813034,NVDA
440,111.81132,NVDA
441,111.80962,NVDA
442,111.80792,NVDA
443,111.80628,NVDA
444,111.804665,NVDA
445,111.803024,NVDA
446,111.801414,NVDA
447,111.79985,NVDA
448,111.79831,NVDA
449,111.79678,NVDA
450,111.79525,NVDA
451,111.79376,NVDA
452,111.79231,NVDA
453,111.79084,NVDA
454,111.789406,NVDA
455,111.788,NVDA
456,111.786606,NVDA
457,111.78523,NVDA
458,111.78386,NVDA
459,111.78251,NVDA
460,111.78119,NVDA
461,111.77988,NVDA
462,111.778595,NVDA
463,111.777336,NVDA
464,111.77607,NVDA
465,111.77482,NVDA
466,111.77361,NVDA
467,111.77241,NVDA
468,111.7712,NVDA
469,111.770035,NVDA
470,111.76885,NVDA
471,111.767715,NVDA
472,111.76659,NVDA
473,111.7655,NVDA
474,111.76438,NVDA
475,111.7633,NVDA
476,111.76222,NVDA
477,111.761154,NVDA
478,111.76013,NVDA
479,111.75909,NVDA
480,111.75809,NVDA
481,111.75708,NVDA
482,111.75611,NVDA
483,111.75512,NVDA
484,111.75414,NVDA
485,111.753204,NVDA
486,111.75225,NVDA
487,111.75132,NVDA
488,111.75044,NVDA
489,111.74952,NVDA
490,111.748634,NVDA
491,111.747734,NVDA
492,111.74687,NVDA
493,111.746025,NVDA
494,111.745186,NVDA
495,111.744354,NVDA
496,111.7435,NVDA
497,111.742714,NVDA
498,111.74191,NVDA
499,111.741135,NVDA
500,111.74035,NVDA
501,111.73956,NVDA
502,111.73881,NVDA
503,111.73806,NVDA
504,111.73732,NVDA
505,111.736595,NVDA
506,111.73587,NVDA
507,111.73516,NVDA
508,111.73446,NVDA
509,111.73375,NVDA
510,111.73307,NVDA
511,111.73239,NVDA
512,111.73172,NVDA
513,111.73107,NVDA
514,111.73044,NVDA
515,111.72978,NVDA
516,111.72914,NVDA
517,111.72854,NVDA
518,111.72792,NVDA
519,111.72731,NVDA
520,111.72672,NVDA
521,111.72611,NVDA
522,111.72552,NVDA
523,111.72495,NVDA
524,111.72438,NVDA
525,111.72382,NVDA
526,111.72326,NVDA
527,111.722725,NVDA
528,111.72218,NVDA
529,111.72165,NVDA
530,111.721115,NVDA
531,111.7206,NVDA
532,111.720085,NVDA
533,111.71958,NVDA
534,111.7191,NVDA
535,111.71861,NVDA
536,111.718094,NVDA
537,111.71763,NVDA
538,111.717155,NVDA
539,111.716675,NVDA
540,111.71623,NVDA
541,111.71575,NVDA
542,111.715324,NVDA
543,111.7149,NVDA
544,111.71444,NVDA
545,111.71402,NVDA
546,111.7136,NVDA
547,111.71318,NVDA
